text,text_processed,cyberbullying_type,severity_level,original_cyberbullying_type,original_severity_level,source_dataset,source_file,original_row_id,actual_label,predicted_label,is_correct,confidence_score,char_count,word_count
"BONAJUMA ZONE Ngamuk Saat Dirujuk Ke RS, ODGJ Di Aceh Bawa Kabur Ambulans",bonajuma zone ngamuk saat dirujuk ke rs odgj di aceh bawa kabur ambulans,harassment,,"['1', '0']",,indotoxic2024_annotated_data_v2_final,indotoxic2024_annotated_data_v2_final.csv,4263,harassment,normal,False,0.7942298084685125,73,13
"USER ""Aduh.. mau eek""'",user aduh mau eek,normal,,normal,,data,data.csv,6207,normal,hate_speech,False,0.980828431385695,22,4
#MataNajwaDebatJakarta Anies anda SADIS. Topengmu terbuka lebar malam ini. Biar warga DKI yg menilai...apa yg anda katakan adalah PENGECUT,anies anda sadis topengmu terbuka lebar malam ini biar warga dki yg menilai apa yg anda katakan adalah pengecut,hate_speech,,hate_speech,,data,data.csv,6506,hate_speech,harassment,False,1.0228492335971588,138,19
Ahok versi Pakpahan .. Trims kepada semua pihak yg udah ciduk bajingan ini URL,ahok versi pakpahan trims kepada semua pihak yg udah ciduk bajingan ini url,insult,,insult,,data,data.csv,3115,insult,hate_speech,False,1.4266522228805503,78,14
"Yg terjadi hr ini kpd zionis israel adl akibat perbuatan mrk sendiri yg tlah menindas palestina berpuluh2 tahun,",yg terjadi hr ini kpd zionis israel adl akibat perbuatan mrk sendiri yg tlah menindas palestina berpuluh2 tahun,normal,,['0'],,indotoxic2024_annotated_data_v2_final,indotoxic2024_annotated_data_v2_final.csv,16511,normal,harassment,False,1.1864963478026822,112,18
"Kenapa setelah mau lengser baru ngomong seperti ini , seharusnya 2014 atau 2019 lalu , ini namanya cuci tangan , wong penjajahnya semua pasti sudah bapak kenal , terutama Kelompok Taipan etnis Cina 9 Naga, inilah penjajah , perampas tanah warga Pribumi NKRI selama ini.",kenapa setelah mau lengser baru ngomong seperti ini seharusnya 2014 atau 2019 lalu ini namanya cuci tangan wong penjajahnya semua pasti sudah bapak kenal terutama kelompok taipan etnis cina 9 naga inilah penjajah perampas tanah warga pribumi nkri selama ini,normal,,['0'],,indotoxic2024_annotated_data_v2_final,indotoxic2024_annotated_data_v2_final.csv,23152,normal,hate_speech,False,0.8609746832229648,269,45
"Untuk kelima kalinya, penjajah meminta keluarga Palestina meninggalkan rumah mereka dan menuju Gaza selatan. Ketika keluarga2 Palestina turun ke jalan dan menuju ke Gaza selatan, hanya beberapa menit berlalu dan pendudukan mengkhianati mereka, dan pesawat Israel menyerang warga",untuk kelima kalinya penjajah meminta keluarga palestina meninggalkan rumah mereka dan menuju gaza selatan ketika keluarga2 palestina turun ke jalan dan menuju ke gaza selatan hanya beberapa menit berlalu dan pendudukan mengkhianati mereka dan pesawat israel menyerang warga,harassment,,"['0', '1', '0']",,indotoxic2024_annotated_data_v2_final,indotoxic2024_annotated_data_v2_final.csv,18334,harassment,normal,False,1.0310193513840198,278,38
Ya Allah aku tau aku pendosa Tapi tolong 1 aj kabulkan doa kami Ratakan Israel tanpa sisa,ya allah aku tau aku pendosa tapi tolong 1 aj kabulkan doa kami ratakan israel tanpa sisa,harassment,,['1'],,indotoxic2024_annotated_data_v2_final,indotoxic2024_annotated_data_v2_final.csv,11116,harassment,normal,False,1.008639749134851,89,17
"mungkin TPNPB OPM lebih percaya orang China dari pada orang asli Papua yang berjuang dengan caranya sendiri, Mungkin TPNPB OPM kerjasama deng China nanti",mungkin tpnpb opm lebih percaya orang china dari pada orang asli papua yang berjuang dengan caranya sendiri mungkin tpnpb opm kerjasama deng china nanti,harassment,,"['1', '0']",,indotoxic2024_annotated_data_v2_final,indotoxic2024_annotated_data_v2_final.csv,6612,harassment,normal,False,0.8643418037890377,153,24
"Kecacatan LGBT, diberi ruang kononnya kebebasan hak. Hedonisme dirancakkan lagi dengan Radiohead.'",kecacatan lgbt diberi ruang kononnya kebebasan hak hedonisme dirancakkan lagi dengan radiohead,normal,,normal,,data,data.csv,6340,normal,harassment,False,0.8867094576671034,98,12
PARK SEONGHWA BRENGSEKKKKKK GUE GILA GEGARA ELUUUUU ANJING GUE PALING GATAHAN TEMA KERAJAAN GINI ANJINGGGG,park seonghwa brengsekkkkkk gue gila gegara eluuuuu anjing gue paling gatahan tema kerajaan gini anjingggg,harassment,,"['1', '1', '1', '0']",,indotoxic2024_annotated_data_v2_final,indotoxic2024_annotated_data_v2_final.csv,12173,harassment,normal,False,0.8289789757104754,106,15
"🚨 Breaking News 🚨 🔥 Update Korban Di Gaza 🔥 ✍🏻 Ahad (8/10), Pukul 10.32 waktu setempat Menurut Kementerian Kesehatan (sumber Al-Jazeera), dampak agresi militer penjajah israel telah memakan korban warga sipil di Gaza sebanyak 313 orang gugur (di antaranya 20 anak-anak)",breaking news update korban di gaza ahad 8 10 pukul 10 32 waktu setempat menurut kementerian kesehatan sumber al jazeera dampak agresi militer penjajah israel telah memakan korban warga sipil di gaza sebanyak 313 orang gugur di antaranya 20 anak anak,harassment,,"['0', '0', '1', '0']",,indotoxic2024_annotated_data_v2_final,indotoxic2024_annotated_data_v2_final.csv,18054,harassment,normal,False,1.130311233987058,269,42
"AKSI BURUH 
hari ini senin 2 Okt'24 
Bakar baleho gambar Luhut. jkw
E muka kusam Bahlul.
Lengserkan pejabat yg pro cina maksa Gusur rakyat.
MANTAB saudaku",aksi buruh hari ini senin 2 okt 24 bakar baleho gambar luhut jkw e muka kusam bahlul lengserkan pejabat yg pro cina maksa gusur rakyat mantab saudaku,harassment,,"['0', '1']",,indotoxic2024_annotated_data_v2_final,indotoxic2024_annotated_data_v2_final.csv,827,harassment,hate_speech,False,0.7862526600487498,154,26
"gw lagi di gacoan ngagel, sumpah sebelah gw ada gay couple gemezz banget, botty nya lucu mungil bgt omagaaa im so jealous",gw lagi di gacoan ngagel sumpah sebelah gw ada gay couple gemezz banget botty nya lucu mungil bgt omagaaa im so jealous,normal,,['0'],,indotoxic2024_annotated_data_v2_final,indotoxic2024_annotated_data_v2_final.csv,16339,normal,harassment,False,0.9634037692281939,121,22
"Allah Maha Kuasa lagi Maha membolak-balikan hati manusia, semoga orang2 yg masih mendukung zionis dan tertutup akan kenyataan yg sebenarnya bisa terbuka hatinya, aamiin",allah maha kuasa lagi maha membolak balikan hati manusia semoga orang2 yg masih mendukung zionis dan tertutup akan kenyataan yg sebenarnya bisa terbuka hatinya aamiin,normal,,['0'],,indotoxic2024_annotated_data_v2_final,indotoxic2024_annotated_data_v2_final.csv,23019,normal,harassment,False,0.8526630150484135,168,24
"Sheikh Ahmed Yassin, Pendiri Hamas, Meski Lumpuh, Dia Mampu Melawan Israel",sheikh ahmed yassin pendiri hamas meski lumpuh dia mampu melawan israel,harassment,,"['1', '0', '0']",,indotoxic2024_annotated_data_v2_final,indotoxic2024_annotated_data_v2_final.csv,20360,harassment,normal,False,0.9270327913597334,74,11
"RT USER: Rindu ini memang bajingan, datang sepagi ini.\xf0\x9f\x98\xa9'",rt user rindu ini memang bajingan datang sepagi ini xf0 x9f x98 xa9,insult,,insult,,data,data.csv,12957,insult,hate_speech,False,0.9823295787065527,71,9
USER Pendukung rezim ini memang warrrbisah',user pendukung rezim ini memang warrrbisah,normal,,normal,,data,data.csv,1055,normal,hate_speech,False,1.349585836613525,43,6
jangan lupa bahwa joan rivers adalah bajingan istimewa yang terus merengek tentang kurangnya hak untuk menceritakan lelucon menindas,jangan lupa bahwa joan rivers adalah bajingan istimewa yang terus merengek tentang kurangnya hak untuk menceritakan lelucon menindas,normal,,not_cyberbullying,,cyberbullying_cleaned_indo,cyberbullying_cleaned_indo.csv,1360,normal,hate_speech,False,0.8177634559028133,132,18
Ulama Purwakarta Sebut Bupati Dedi Mulyadi Raja Syirik,ulama purwakarta sebut bupati dedi mulyadi raja syirik,hate_speech,,hate_speech,,data,data.csv,11451,hate_speech,normal,False,0.8539910458082194,54,8
Israel laknatullah membunuh anak nak muslim palestina,israel laknatullah membunuh anak nak muslim palestina,normal,,['0'],,indotoxic2024_annotated_data_v2_final,indotoxic2024_annotated_data_v2_final.csv,15390,normal,harassment,False,0.810158431027317,53,7
"Akun pro zionis jadi bulan-bulanan netizen, ""Inilah akibatnya kalo berak yang dibuang "" 😁 ://",akun pro zionis jadi bulan bulanan netizen inilah akibatnya kalo berak yang dibuang,normal,,['0'],,indotoxic2024_annotated_data_v2_final,indotoxic2024_annotated_data_v2_final.csv,9548,normal,harassment,False,0.9292586672185456,93,15
"NEWS UPDATE kumparan Y Tentara Israel serbu RS Al-Shifa, sandera lebih dari 5 ribu pasien, nakes, sampai pengungsi. KETIKA PENGUNGSI BERUBAH MENJADI PENJAJAH YANG BRUTAL
.
BIAS & STANDAR GANDA PARA PEMIMPIN DUNIA MEMBUAT PARA PENJAJAH INI TERUS MERASA AMAN & BEBAS MENJALANKAN SEMUA AKSINYA.

#Repost @kumparancom 
——
kumparancom Pasukan Israel menyerbu kompeks Rumah Sakit Al-Shifa di Jalur Gaza, Kamis (16/11) malam waktu setempat atau Jumat (17/11) dini hari waktu Indonesia. Para tentara itu juga menyandera lebih dari lima ribu orang di dalamnya, termasuk pasien, perawat, dokter, staf rumah sakit, hingga pengungsi. ⁠ 
.
Baca info selengkapnya di link bio. Jangan lupa follow Instagram @kumparancom untuk berita menarik lainnya!⁠ ⁠ 
.
#newsupdate #update #news #oneliner #israel #rsalshifa #rumahsakit #gaza #infoterkini #berita #beritaterkini #kumparan",news update kumparan y tentara israel serbu rs al shifa sandera lebih dari 5 ribu pasien nakes sampai pengungsi ketika pengungsi berubah menjadi penjajah yang brutal bias standar ganda para pemimpin dunia membuat para penjajah ini terus merasa aman bebas menjalankan semua aksinya USER_MENTION kumparancom pasukan israel menyerbu kompeks rumah sakit al shifa di jalur gaza kamis 16 11 malam waktu setempat atau jumat 17 11 dini hari waktu indonesia para tentara itu juga menyandera lebih dari lima ribu orang di dalamnya termasuk pasien perawat dokter staf rumah sakit hingga pengungsi baca info selengkapnya di link bio jangan lupa follow instagram USER_MENTION untuk berita menarik lainnya,harassment,,"['1', '0', '0', '0']",,indotoxic2024_annotated_data_v2_final,indotoxic2024_annotated_data_v2_final.csv,2583,harassment,normal,False,0.822379864780263,859,123
"NEWS UPDATE PREMS PR 107.5 FM Respons Pemkot Bandung soal Diduga ODGJ Viral Berhubungan Badan di Pinggir Jalan Moh Toha Foto: Freepik @prfmnews PMwsC PRFM News Channel 0818811075 Radio PRFM 107,5 News Channel",news update prems pr 107 5 fm respons pemkot bandung soal diduga odgj viral berhubungan badan di pinggir jalan moh toha foto freepik USER_MENTION pmwsc prfm news channel 0818811075 radio prfm 107 5 news channel,harassment,,"['1', '0']",,indotoxic2024_annotated_data_v2_final,indotoxic2024_annotated_data_v2_final.csv,1360,harassment,normal,False,0.9614774581378541,208,33
"INDO ZONE #KAMUHARUSTAU Korban Tewas Serangan Israel di Gaza Tembus 10 Ribu Orang dalam Sebulan Tercatat 10.022 warga Palestina di Gaza tewas sejak konflik Hamas-Israel dimulai pada 7 Oktober. Korban tewas meliputi 104 anak dan 2.641 perempuan. Jumlah korban meninggal dunia, warga Palestina di Gaza mencapai 10.022 orang sejak putaran terbaru konflik Hamas-Israel dimulai pada 7 Oktober. 

Dilansir dari ANTARA, juru bicara kementerian kesehatan Gaza pada Senin (6/11) waktu setempat, Ashraf Al-Qudra, dalam sebuah konferensi pers di Gaza City mengatakan bahwa korban tewas meliputi 4.104 anak dan 2.641 perempuan, sementara korban luka-luka meningkat menjadi 25.408 orang.

Selain itu, terdapat 2.350 laporan orang hilang yang tertimbun reruntuhan, termasuk sekitar 1.300 anak, ujarnya.

Al-Qudra mengatakan bahwa dalam beberapa jam terakhir, pasukan Israel melakukan 19 aksi pembunuhan besar-besaran yang merenggut 252 nyawa.

Menurut juru bicara itu, Israel telah menargetkan 113 fasilitas kesehatan dan 32 ambulans di Gaza sejak 7 Oktober, menewaskan total 192 tenaga kesehatan.

Sekitar 16 rumah sakit dan 32 pusat layanan kesehatan utama telah berhenti beroperasi, tambahnya.

Sementara dari pihak Israel, lebih dari 1.400 orang tewas, sebagian besar akibat serangan Hamas pada 7 Oktober lalu, hingga memicu konflik yang sedang berlangsung saat ini.

Photo: REUTERS/Yasser Qudih

[Baca berita dan informasi menarik lainnya hanya di ]",indo zone korban tewas serangan israel di gaza tembus 10 ribu orang dalam sebulan tercatat 10 022 warga palestina di gaza tewas sejak konflik hamas israel dimulai pada 7 oktober korban tewas meliputi 104 anak dan 2 641 perempuan jumlah korban meninggal dunia warga palestina di gaza mencapai 10 022 orang sejak putaran terbaru konflik hamas israel dimulai pada 7 oktober dilansir dari antara juru bicara kementerian kesehatan gaza pada senin 6 11 waktu setempat ashraf al qudra dalam sebuah konferensi pers di gaza city mengatakan bahwa korban tewas meliputi 4 104 anak dan 2 641 perempuan sementara korban luka luka meningkat menjadi 25 408 orang selain itu terdapat 2 350 laporan orang hilang yang tertimbun reruntuhan termasuk sekitar 1 300 anak ujarnya al qudra mengatakan bahwa dalam beberapa jam terakhir pasukan israel melakukan 19 aksi pembunuhan besar besaran yang merenggut 252 nyawa menurut juru bicara itu israel telah menargetkan 113 fasilitas kesehatan dan 32 ambulans di gaza sejak 7 oktober menewaskan total 192 tenaga kesehatan sekitar 16 rumah sakit dan 32 pusat layanan kesehatan utama telah berhenti beroperasi tambahnya sementara dari pihak israel lebih dari 1 400 orang tewas sebagian besar akibat serangan hamas pada 7 oktober lalu hingga memicu konflik yang sedang berlangsung saat ini photo reuters yasser qudih baca berita dan informasi menarik lainnya hanya di,harassment,,"['1', '0']",,indotoxic2024_annotated_data_v2_final,indotoxic2024_annotated_data_v2_final.csv,1746,harassment,normal,False,1.4353159459765046,1440,204
"Sudah waktunya Amerika' Bubar. Dikit"" sangsi Dikit"" dana dibekukan Sebaiknya negara didunia kiblat Ekonomi ke China",sudah waktunya amerika bubar dikit sangsi dikit dana dibekukan sebaiknya negara didunia kiblat ekonomi ke china,harassment,,"['1', '0', '1', '0']",,indotoxic2024_annotated_data_v2_final,indotoxic2024_annotated_data_v2_final.csv,20909,harassment,normal,False,0.967567978461385,115,16
uga ni cakep banget ya gila emang 😭✋🏻,uga ni cakep banget ya gila emang,harassment,,"['1', '0', '0']",,indotoxic2024_annotated_data_v2_final,indotoxic2024_annotated_data_v2_final.csv,19194,harassment,normal,False,0.886225988436274,37,8
"dau! Minimal sekali seumur hidup kalian cobain takoyaki rizky di jalan sayang dah. Worth it banget enak, abang yg jualannya jg ramah gila",dau minimal sekali seumur hidup kalian cobain takoyaki rizky di jalan sayang dah worth it banget enak abang yg jualannya jg ramah gila,harassment,,"['1', '0']",,indotoxic2024_annotated_data_v2_final,indotoxic2024_annotated_data_v2_final.csv,3121,harassment,normal,False,1.2476546625635343,137,23
Bolot atau emang kagak nyambung? URL,bolot atau emang kagak nyambung url,insult,,insult,,data,data.csv,8603,insult,hate_speech,False,0.8101935328654966,36,6
Pejuang Al-Qassam menguasai pangkalan militer Erez. Dan saat ini pangkalan tersebut berada dalam kontrol pejuang. Milisi Zionis menderita kerugian besar dan melarikan diri. Pertolonga dari Allah dan kemenangan semakin dekat. #Gaza #FreePalenstine,pejuang al qassam menguasai pangkalan militer erez dan saat ini pangkalan tersebut berada dalam kontrol pejuang milisi zionis menderita kerugian besar dan melarikan diri pertolonga dari allah dan kemenangan semakin dekat,harassment,,['1'],,indotoxic2024_annotated_data_v2_final,indotoxic2024_annotated_data_v2_final.csv,20479,harassment,normal,False,0.8284292776987736,246,32
"SEKITAR 100 dokter Israel telah menandatangani surat terbuka yang menyerukan tentaranya untuk mengebom rumah sakit-rumah sakit di Gaza, Palestina. Sumber:",sekitar 100 dokter israel telah menandatangani surat terbuka yang menyerukan tentaranya untuk mengebom rumah sakit rumah sakit di gaza palestina sumber,harassment,,"['1', '0', '1', '0']",,indotoxic2024_annotated_data_v2_final,indotoxic2024_annotated_data_v2_final.csv,12195,harassment,normal,False,1.1348896172104843,154,20
Pan kapan iwake tak parani maning Misal esih idiot berarti fix jeneng iwake idiot bastard fish waras wutuh,pan kapan iwake tak parani maning misal esih idiot berarti fix jeneng iwake idiot bastard fish waras wutuh,normal,,['0'],,indotoxic2024_annotated_data_v2_final,indotoxic2024_annotated_data_v2_final.csv,7472,normal,harassment,False,0.8853594831836947,106,18
"@narkosun Gila orang yang milih Prabowo. Kalau dapat sesuatu saya maklum. Kalau enggak dapat apa-apa, sama aja kamu menghancurkan negeri ini",USER_MENTION gila orang yang milih prabowo kalau dapat sesuatu saya maklum kalau enggak dapat apa apa sama aja kamu menghancurkan negeri ini,normal,,['0'],,indotoxic2024_annotated_data_v2_final,indotoxic2024_annotated_data_v2_final.csv,25537,normal,harassment,False,0.83965592590188,140,21
Saya curiga orang ini buzzer yg dibiayai zionis untuk memperbaiki citra Israel di Indonesia. Semoga kita dilindungi dari fitnah antek-antek zionis,saya curiga orang ini buzzer yg dibiayai zionis untuk memperbaiki citra israel di indonesia semoga kita dilindungi dari fitnah antek antek zionis,normal,,['0'],,indotoxic2024_annotated_data_v2_final,indotoxic2024_annotated_data_v2_final.csv,23370,normal,harassment,False,1.2850557657700383,146,21
"BOT mau nanya. 'ich liebe dich' artinya apa? Yg jawab ntar BOT kasih aipet yg barusan nyemplung di jamban kuda (\xe2\x80\xa2\xcc\xaf\xcd\xa1_\xe2\x80\xa2\xcc\xaf\xcd\xa1 )""",bot mau nanya ich liebe dich artinya apa yg jawab ntar bot kasih aipet yg barusan nyemplung di jamban kuda xe2 x80 xa2 xcc xaf xcd xa1_ xe2 x80 xa2 xcc xaf xcd xa1,insult,,insult,,data,data.csv,423,insult,normal,False,0.910347556748541,172,22
USER Dasar cebong.. hih!\n\xf0\x9f\x98\xab\xf0\x9f\x98\xa,user dasar cebong hih n xf0 x9f x98 xab xf0 x9f x98 xa,insult,,insult,,data,data.csv,3566,insult,hate_speech,False,1.8466093926037987,57,4
"INGATLAH SEJARAH KEJAM SYIAH BATHINIYAH DAN SYIAH RAFIDHAH!!! (Edisi 2) ✅ Syaikhul Islam Ibnu Taimiyah rahimahullahu berkata: Tidaklah agama Nabi Muhammad ﷺ tegak di atas semua agama, melainkan dengan Ahlussunnah. Sebagaimana Islam tegak/menang di zaman kekhalifahan Abu Bakar, Umar dan Utsman Radhiyallahu 'anhum dengan kemenangan yang tidak pernah dialami oleh agama-agama yang  Adapun Syiah Rafidhah, kalau mereka tidak membantu musuh-musuh Islam, maka mereka tidak menolong kedua belah pihak. (Fatwa Dan Pendirian Ulama Sunni Terhadap Aqidah Syiah hal. 21-22 oleh Ustadz Muhammad Umar Ba'abdullah rahimahullahu) Masih percaya kalau mereka membantu kaum muslimin memerangi orang-orang Y4hud1?! Bukankah Syiah Rafidhah adalah buatan Abdullah bin Saba' Al-Yahudi?! اللَّهُمَّ إنَّا نَجْعَلُكَ فِي نُحُوْرِهِمْ ونَعُوْذُ بِكَ مِنْ شُرُوْرِهِمْ اللَّهُمَّ انْصُر الْمُسْلِمِيْنَ الْمُسْتَضْعَفِيْنَ فِي كُلِّ مَكَان وفِي فَلَسْطِيْن اللَّهُمَّ أَهْلِك الْيَهُوْدَ الْمُجْرِمِيْنَ وشَتِّتْ شَمْلَهُمْ وفَرِّقْ جَمْعَهُمْ واجْعَلْ كَيْدَهُمْ فِي نُحُوْرِهِمْ ------------------------- [*] Lebih tepatnya dikatakan Syiah Rafidhah.",ingatlah sejarah kejam syiah bathiniyah dan syiah rafidhah edisi 2 syaikhul islam ibnu taimiyah rahimahullahu berkata tidaklah agama nabi muhammad ﷺ tegak di atas semua agama melainkan dengan ahlussunnah sebagaimana islam tegak menang di zaman kekhalifahan abu bakar umar dan utsman radhiyallahu anhum dengan kemenangan yang tidak pernah dialami oleh agama agama yang adapun syiah rafidhah kalau mereka tidak membantu musuh musuh islam maka mereka tidak menolong kedua belah pihak fatwa dan pendirian ulama sunni terhadap aqidah syiah hal 21 22 oleh ustadz muhammad umar ba abdullah rahimahullahu masih percaya kalau mereka membantu kaum muslimin memerangi orang orang y4hud1 bukankah syiah rafidhah adalah buatan abdullah bin saba al yahudi الل ه م إن ا ن ج ع ل ك ف ي ن ح و ر ه م ون ع و ذ ب ك م ن ش ر و ر ه م الل ه م ان ص ر ال م س ل م ي ن ال م س ت ض ع ف ي ن ف ي ك ل م ك ان وف ي ف ل س ط ي ن الل ه م أ ه ل ك ال ي ه و د ال م ج ر م ي ن وش ت ت ش م ل ه م وف ر ق ج م ع ه م واج ع ل ك ي د ه م ف ي ن ح و ر ه م lebih tepatnya dikatakan syiah rafidhah,normal,,"['0', '0']",,indotoxic2024_annotated_data_v2_final,indotoxic2024_annotated_data_v2_final.csv,6683,normal,harassment,False,1.059734060036515,1126,140
"ALHAMDULILLAH DAPAT TIKET @rahasiabulan SEE U CENGGGGG!!!!! GUA NANGIS DAN EXCITED BAGET,TEMEN GUA BILANG GUA GILA,YAKALI GA GILA NJG😁😁😁",alhamdulillah dapat tiket USER_MENTION see u cenggggg gua nangis dan excited baget temen gua bilang gua gila yakali ga gila njg,harassment,,"['1', '0', '0']",,indotoxic2024_annotated_data_v2_final,indotoxic2024_annotated_data_v2_final.csv,19286,harassment,normal,False,0.8756636973245725,136,19
Saya curiga orang ini buzzer yg dibiayai zionis untuk memperbaiki citra Israel di Indonesia. Semoga kita dilindungi dari fitnah antek-antek zionis,saya curiga orang ini buzzer yg dibiayai zionis untuk memperbaiki citra israel di indonesia semoga kita dilindungi dari fitnah antek antek zionis,normal,,['0'],,indotoxic2024_annotated_data_v2_final,indotoxic2024_annotated_data_v2_final.csv,13986,normal,harassment,False,1.2850557657700383,146,21
Dikiranya Islam itu seperti soto yang rasanya setiap negara/daerah bisa modifikasi sendiri 🤦🏽‍♂️ ======= China Ingin Gabungkan Islam dengan Konghucu dan Rilis Al-Qur'an Versinya Sendiri,dikiranya islam itu seperti soto yang rasanya setiap negara daerah bisa modifikasi sendiri china ingin gabungkan islam dengan konghucu dan rilis al qur an versinya sendiri,harassment,,"['1', '0']",,indotoxic2024_annotated_data_v2_final,indotoxic2024_annotated_data_v2_final.csv,1968,harassment,normal,False,1.0324777452471494,185,25
kata gue lu sbs dah gila 😭😭😭,kata gue lu sbs dah gila,harassment,,"['1', '0']",,indotoxic2024_annotated_data_v2_final,indotoxic2024_annotated_data_v2_final.csv,12631,harassment,normal,False,1.2689531870488124,28,7
"**SUFI MENIRU-NIRU SYIAH..?? ATAUKAH SEBALIKNYA..??!! (studi banding antara aqidah tokoh syi'ah :Al-Khumaini dan aqidah kaum sufi : At-Tijaani, Alwi Al-Maaliki, Habib Al-Jufri, dan Habib Munzir)** **Sungguh kita menemukan permusuhan yang sangat sengit dari kaum syi'ah dan aswaja imitasi (baca : sufi) terhadap aswaja asli (baca : salafy atau yang dinamakan oleh kaum sufi sebagai wahabi). Seakan-akan musuh mereka hanyalah kaum wahabi. Ada apa gerangan antara Syi'ah dan Aswaja, kenapa sama-sama bersepakat memusuhi kaum wahabi..??!!** **Rahasianya adalah adanya kesamaan antara dua kelompok ini, terutama dalam peribadatan kepada penghuni kuburan dan para wali !!! Tidak heran jika SYI'AH & ASWAJA SUFI : - Sama-sama hobi meninggikan kuburan…??!! - Sama-sama hobi beribadah di kuburan…??!! - Sama-sama hobi meminta dan beristighotsah kepada penghuni kuburan..??!! - Sama-sama hobi mencari barokah dari pasir yang ada dikuburan para wali?? - Sama-sama berlindung dibalik topeng ""cinta kepada Ahlul Bait…"", atau ""Demi menghormati Ahlul Bait"", seakan-akan kecintaan kepada Ahlul Bait dan kesyirikan adalah dua perkara yang saling melazimkan !!!** **Entah…apakah kaum aswaja sufi yang ikut-ikutan taqlid buta kepada kaum syi'ah??, ataukah sebaliknya??!!** **[]()** **Vidio** **Kasus yang jarang diketahui oleh masyarakat NU sendiri []()** **Kasus yang jarang diketahui oleh masyarakat NU sendiri []()** **Bagai Kotoran Unta Dibelah Dua || Ulama Syi'ah Sedang Bertaqiyah Berbagi Hadiah Dengan ASWAJA** **[]()** **Kesamaan NU DAN SYIAH. []()** **Berdo’a di kuburan itu boleh []()** **Keutamaan Ziarah kubur []()** **Menopang** **BONGKAR SYIAH DG IRAN SBG POROSNYA >** **[]()** **Pengkianatan syi'ah dalam sejarah > []()** **Sejarah Berdarah Syi'ah Rafidhah > []()** **Abu Salafi sang Majhul induk kedustaan yang sering di nukil Nukil kaum semisalnya > []()** **Hati hati Pro dan Kontra Kita gak tau yang komentar itu siapa syi’ah atau > []()** **Kenali A Media Islam , A media Syi'ah ,** **Maka lihatlah siapa mereka akan Nampak tautan di lapaknya** **[]()** **Komplit Syi’ah Dan Kumpulan Bantahan >** []()",sufi meniru niru syiah ataukah sebaliknya studi banding antara aqidah tokoh syi ah al khumaini dan aqidah kaum sufi at tijaani alwi al maaliki habib al jufri dan habib munzir sungguh kita menemukan permusuhan yang sangat sengit dari kaum syi ah dan aswaja imitasi baca sufi terhadap aswaja asli baca salafy atau yang dinamakan oleh kaum sufi sebagai wahabi seakan akan musuh mereka hanyalah kaum wahabi ada apa gerangan antara syi ah dan aswaja kenapa sama sama bersepakat memusuhi kaum wahabi rahasianya adalah adanya kesamaan antara dua kelompok ini terutama dalam peribadatan kepada penghuni kuburan dan para wali tidak heran jika syi ah aswaja sufi sama sama hobi meninggikan kuburan sama sama hobi beribadah di kuburan sama sama hobi meminta dan beristighotsah kepada penghuni kuburan sama sama hobi mencari barokah dari pasir yang ada dikuburan para wali sama sama berlindung dibalik topeng cinta kepada ahlul bait atau demi menghormati ahlul bait seakan akan kecintaan kepada ahlul bait dan kesyirikan adalah dua perkara yang saling melazimkan entah apakah kaum aswaja sufi yang ikut ikutan taqlid buta kepada kaum syi ah ataukah sebaliknya vidio kasus yang jarang diketahui oleh masyarakat nu sendiri kasus yang jarang diketahui oleh masyarakat nu sendiri bagai kotoran unta dibelah dua ulama syi ah sedang bertaqiyah berbagi hadiah dengan aswaja kesamaan nu dan syiah berdo a di kuburan itu boleh keutamaan ziarah kubur menopang bongkar syiah dg iran sbg porosnya pengkianatan syi ah dalam sejarah sejarah berdarah syi ah rafidhah abu salafi sang majhul induk kedustaan yang sering di nukil nukil kaum semisalnya hati hati pro dan kontra kita gak tau yang komentar itu siapa syi ah atau kenali a media islam a media syi ah maka lihatlah siapa mereka akan nampak tautan di lapaknya komplit syi ah dan kumpulan bantahan,normal,,"['0', '0']",,indotoxic2024_annotated_data_v2_final,indotoxic2024_annotated_data_v2_final.csv,4102,normal,harassment,False,1.0304570595131075,2102,301
USER biar mampus',user biar mampus,hate_speech,,hate_speech,,data,data.csv,2674,hate_speech,insult,False,1.132735780843742,17,3
"elang berakhirnya kontrak, pengerjaan proyek pembangunan gedung Puskesmas Bandarkedungmulyo, Kabupaten Jombang mengalami kendala keterlambatan hingga dikeluarkannya Show Cause Meeting (SCM) dua kali. #fuji Ketua KPK #panas #Nyesel Sri Mulyani ODGJ",elang berakhirnya kontrak pengerjaan proyek pembangunan gedung puskesmas bandarkedungmulyo kabupaten jombang mengalami kendala keterlambatan hingga dikeluarkannya show cause meeting scm dua kali ketua kpk sri mulyani odgj,harassment,,"['1', '1', '0', '0']",,indotoxic2024_annotated_data_v2_final,indotoxic2024_annotated_data_v2_final.csv,19061,harassment,normal,False,0.9348830814934646,247,30
"Gila sehari kena Rate Limit 2x, X mang beda 😂",gila sehari kena rate limit 2x x mang beda,harassment,,"['1', '0', '0']",,indotoxic2024_annotated_data_v2_final,indotoxic2024_annotated_data_v2_final.csv,19159,harassment,normal,False,1.4925483111736058,45,10
USER eue lewat mulu',user eue lewat mulu,normal,,normal,,data,data.csv,11526,normal,insult,False,0.9096372046360615,20,4
"The real dakjal israel teh kenapa sih ya Allah gak tega bgt liat palestina, bisa apa aku disini huft. 💔💔💔",the real dakjal israel teh kenapa sih ya allah gak tega bgt liat palestina bisa apa aku disini huft,harassment,,"['0', '1']",,indotoxic2024_annotated_data_v2_final,indotoxic2024_annotated_data_v2_final.csv,14293,harassment,normal,False,0.9115081129848389,105,20
dan Jokowow akhirnya bisa mengurangi angka pengangguran di China #Bercanda,dan jokowow akhirnya bisa mengurangi angka pengangguran di china,harassment,,['1'],,indotoxic2024_annotated_data_v2_final,indotoxic2024_annotated_data_v2_final.csv,7920,harassment,normal,False,0.9904078800006137,74,10
"Hasil Pengeluaran Pasaran CHINA Hari Minggu, 10 September 2023 Prize 1️⃣ : 3971 Prize 2️⃣ : 7590 Prize 3️⃣ : 0641 Shio : ULAR Selamat kepada para pemenang jackpot.🙏🏻",hasil pengeluaran pasaran china hari minggu 10 september 2023 prize 1 3971 prize 2 7590 prize 3 0641 shio ular selamat kepada para pemenang jackpot,harassment,,"['1', '0']",,indotoxic2024_annotated_data_v2_final,indotoxic2024_annotated_data_v2_final.csv,3282,harassment,normal,False,1.3145632882263354,165,29
"Marf 2hr org gila mana yg makan pizza, pizzanya dicelupin ke kuah kangkung Kayanya enak",marf 2hr org gila mana yg makan pizza pizzanya dicelupin ke kuah kangkung kayanya enak,harassment,,"['0', '1']",,indotoxic2024_annotated_data_v2_final,indotoxic2024_annotated_data_v2_final.csv,6434,harassment,normal,False,0.969574122750369,87,15
"Lr SIND ONEWS INTERNATIONAL Serangan Udara Israel Hancurkan RS Indonesia di Gaza, Staf Lokal MER-C Tewas FOTO: REUTERS Serangan udara Israel menghancurkan RS Indonesia yang berada di Jalur Gaza, Palestina. Satu staf local MER-C, Abu Romzi, yang tengah berada di dekat lokasi syahid akibat serangan tersebut. 

Kabar duka disampaikan oleh Farid, salah satu relawan MER-C yang masih berada di Jalur Gaza. Sarbini Abdul Murad, mengutuk serangan brutal Israel ke Jalur Gaza yang menyasar Rumah Sakit. “Kami mengutuk serangan Israel ke Gaza yang menyasar Rumah Sakit!” ujar Sarbini.

Baca Selengkapnya: 

#SindoNews #israel #gaza #palestina #hamas",lr sind onews international serangan udara israel hancurkan rs indonesia di gaza staf lokal mer c tewas foto reuters serangan udara israel menghancurkan rs indonesia yang berada di jalur gaza palestina satu staf local mer c abu romzi yang tengah berada di dekat lokasi syahid akibat serangan tersebut kabar duka disampaikan oleh farid salah satu relawan mer c yang masih berada di jalur gaza sarbini abdul murad mengutuk serangan brutal israel ke jalur gaza yang menyasar rumah sakit kami mengutuk serangan israel ke gaza yang menyasar rumah sakit ujar sarbini baca selengkapnya,harassment,,"['0', '1', '0', '0']",,indotoxic2024_annotated_data_v2_final,indotoxic2024_annotated_data_v2_final.csv,10350,harassment,normal,False,1.2451992007983153,642,94
#Terpopuler Elon Musk buka-bukaan soal putranya yang kini jadi transgender wanita. Elon menyalahkan sekolah atas perubahan yang dialami sang putra.,elon musk buka bukaan soal putranya yang kini jadi transgender wanita elon menyalahkan sekolah atas perubahan yang dialami sang putra,harassment,,"['0', '1']",,indotoxic2024_annotated_data_v2_final,indotoxic2024_annotated_data_v2_final.csv,4717,harassment,normal,False,0.8070557770598661,147,20
"Royal Riders Indonesia (Rori) Chapter Banten merayakan HUT ketiga dengan aksi kegiatan sosial, dari tanam pohon dan berbagi dengan penghuni panti ODGJ",royal riders indonesia rori chapter banten merayakan hut ketiga dengan aksi kegiatan sosial dari tanam pohon dan berbagi dengan penghuni panti odgj,harassment,,"['1', '0', '0', '0']",,indotoxic2024_annotated_data_v2_final,indotoxic2024_annotated_data_v2_final.csv,2839,harassment,normal,False,1.1210002030049664,150,22
Ajak pak USER bikin parpol yak pak ð???,ajak pak user bikin parpol yak pak ð,normal,,normal,,data,data.csv,12852,normal,hate_speech,False,0.8768840589954665,39,8
🐈 Gila ya mnrt gw binus! Ga peduli sm kesehatan mental mahasiswanya. Kamis gw ada uts tapi besok rabu masih ada kelas dri jam 07.00 - 17.00 blm lagi semester ini di jurusan gw semua matkul closebook. We need a break,gila ya mnrt gw binus ga peduli sm kesehatan mental mahasiswanya kamis gw ada uts tapi besok rabu masih ada kelas dri jam 07 00 17 00 blm lagi semester ini di jurusan gw semua matkul closebook we need a break,harassment,,"['0', '1', '1']",,indotoxic2024_annotated_data_v2_final,indotoxic2024_annotated_data_v2_final.csv,11169,harassment,normal,False,1.5142578870490637,215,41
USER Bokef indo ngewe',user bokef indo ngewe,normal,,normal,,data,data.csv,7049,normal,insult,False,1.337194051280091,22,4
"Menyesatkan, Klaim Mogok Makan Pengungsi Rohingya di Aceh Karena Minta Tempat Tinggal yang Enak",menyesatkan klaim mogok makan pengungsi rohingya di aceh karena minta tempat tinggal yang enak,harassment,,"['1', '0']",,indotoxic2024_annotated_data_v2_final,indotoxic2024_annotated_data_v2_final.csv,28226,harassment,normal,False,1.2131755939244087,95,14
"Atas dasar itulah, DPR diminta segera rampungkan revisi UU Terorisme untuk melindungi segenap bangsa Indonesia dari serangan keji teroris. #POLEMIKPemberantasanTerorisme'",atas dasar itulah dpr diminta segera rampungkan revisi uu terorisme untuk melindungi segenap bangsa indonesia dari serangan keji teroris,normal,,normal,,data,data.csv,2404,normal,hate_speech,False,0.8362769341024154,170,20
"Korban Serangan Zionis Israel di Gaza Palestina, Staf PBB yang Tewas Meningkat",korban serangan zionis israel di gaza palestina staf pbb yang tewas meningkat,harassment,,"['0', '1', '0']",,indotoxic2024_annotated_data_v2_final,indotoxic2024_annotated_data_v2_final.csv,13528,harassment,normal,False,0.8236353058342211,78,12
USER Peh aku dah cacat weh',user peh aku dah cacat weh,normal,,normal,,data,data.csv,7620,normal,insult,False,0.8373749715490724,27,6
"Anwar Usman Dipecat karena Langgar Etika demi Memuluskan Pencalonan Gibran, Keputusan Pencalonan Cawapres Cacat Secara Hukum dan Etika! Baca Selengkapnya :",anwar usman dipecat karena langgar etika demi memuluskan pencalonan gibran keputusan pencalonan cawapres cacat secara hukum dan etika baca selengkapnya,normal,,"['0', '0']",,indotoxic2024_annotated_data_v2_final,indotoxic2024_annotated_data_v2_final.csv,412,normal,harassment,False,1.4145445017501932,155,21
"Bukan Cuma McDonald’s! Ini Daftar Produk Boikot Israel yang Bikin Heboh, Apa Saja? : Jabar ekspres / fitriyanaanugrah #jabarekspres #McDonalds #Israel #ProdukBoikot",bukan cuma mcdonald s ini daftar produk boikot israel yang bikin heboh apa saja jabar ekspres fitriyanaanugrah,harassment,,"['0', '1', '0']",,indotoxic2024_annotated_data_v2_final,indotoxic2024_annotated_data_v2_final.csv,8590,harassment,normal,False,0.8044755605741339,164,22
8 point penting visi misi Ganjar – Mahfud Md untuk membangun Indonesia unggul . tag || Guru Papua Setan Yati Hamas Fore November Rain Palestina Antisemitism Ganjar Presiden Pose Elkan Islamophobia Lindsey Graham Israel Sarapan ||,8 point penting visi misi ganjar mahfud md untuk membangun indonesia unggul tag guru papua setan yati hamas fore november rain palestina antisemitism ganjar presiden pose elkan islamophobia lindsey graham israel sarapan,harassment,,"['0', '1']",,indotoxic2024_annotated_data_v2_final,indotoxic2024_annotated_data_v2_final.csv,6993,harassment,normal,False,1.0283527677725295,229,36
"Begitu kejam Tentara Israel biadab thdp warga Palestine,setlah dibunuh di tusuk dg tombak lagi dikemaluan dn dubur,Israel Zionist yg paling kejam(Genocide) didunia,Israel negara teroris menguasai tanah Palestina scr tdk sah,AS dn sekutunya diam,DK PBB ada hak veto AS,PBB ga adil",begitu kejam tentara israel biadab thdp warga palestine setlah dibunuh di tusuk dg tombak lagi dikemaluan dn dubur israel zionist yg paling kejam genocide didunia israel negara teroris menguasai tanah palestina scr tdk sah as dn sekutunya diam dk pbb ada hak veto as pbb ga adil,normal,,['0'],,indotoxic2024_annotated_data_v2_final,indotoxic2024_annotated_data_v2_final.csv,11667,normal,harassment,False,0.8244723807697211,279,40
USER Dih kntl.',user dih kntl,hate_speech,,hate_speech,,data,data.csv,2436,hate_speech,insult,False,1.732934737066428,15,3
jika tidak anonim maka setidaknya informasi rahasia,jika tidak anonim maka setidaknya informasi rahasia,harassment,,other_cyberbullying,,cyberbullying_cleaned_indo,cyberbullying_cleaned_indo.csv,1933,harassment,normal,False,0.7920695495603602,51,7
Di Indonesia Ncep malah mendukung zionis,di indonesia ncep malah mendukung zionis,normal,,"['0', '0']",,indotoxic2024_annotated_data_v2_final,indotoxic2024_annotated_data_v2_final.csv,6684,normal,harassment,False,1.1528400366051108,40,6
"Jet Tempur Israel Serang Menara Pengawas Palestina di Gaza INTERNASIONAL24JAM Pesawat tempur Israel pada Jumat (16/9/2023) menargetkan menara pengawas Palestina di dekat sisi timur Kota Gaza.

Kabar tersebut diungkap sumber keamanan yang melaporkan tidak ada korban jiwa.

Serangan udara itu terjadi menyusul demonstrasi yang diorganisir ratusan pemuda di sepanjang pagar Gaza untuk mendukung Masjid Al-Aqsa dan solidaritas dengan para pemogok makan Palestina di dalam penjara-penjara Israel.

Dalam pernyataan, pasukan pendudukan Israel mengatakan ratusan warga Palestina “membuat kerusuhan” di perbatasan Israel, termasuk, “Meletakkan alat peledak di penghalang keamanan dan melemparkan granat ke arah pasukan.” 

Pendudukan Israel juga mengonfirmasi tentaranya yang ditempatkan di daerah tersebut merespons unit pembubaran kerusuhan dan tembakan langsung.

Setelah demonstrasi tersebut, pasukan pendudukan mengatakan mereka melancarkan serangan pesawat tak berawak terhadap “pos pengamatan Hamas di dekat perbatasan.”


#international #news #internasional #beritainternasional #internasional24jam",jet tempur israel serang menara pengawas palestina di gaza internasional24jam pesawat tempur israel pada jumat 16 9 2023 menargetkan menara pengawas palestina di dekat sisi timur kota gaza kabar tersebut diungkap sumber keamanan yang melaporkan tidak ada korban jiwa serangan udara itu terjadi menyusul demonstrasi yang diorganisir ratusan pemuda di sepanjang pagar gaza untuk mendukung masjid al aqsa dan solidaritas dengan para pemogok makan palestina di dalam penjara penjara israel dalam pernyataan pasukan pendudukan israel mengatakan ratusan warga palestina membuat kerusuhan di perbatasan israel termasuk meletakkan alat peledak di penghalang keamanan dan melemparkan granat ke arah pasukan pendudukan israel juga mengonfirmasi tentaranya yang ditempatkan di daerah tersebut merespons unit pembubaran kerusuhan dan tembakan langsung setelah demonstrasi tersebut pasukan pendudukan mengatakan mereka melancarkan serangan pesawat tak berawak terhadap pos pengamatan hamas di dekat perbatasan,harassment,,"['1', '0', '0', '0']",,indotoxic2024_annotated_data_v2_final,indotoxic2024_annotated_data_v2_final.csv,2267,harassment,normal,False,1.7804372561048003,1099,134
"Bila hg dah giveup pakai seluar panjang, haaaa kain batik jugak malam niii.. PANAS GILA WOI'",bila hg dah giveup pakai seluar panjang haaaa kain batik jugak malam niii panas gila woi,insult,,insult,,data,data.csv,6369,insult,normal,False,0.850223601272382,92,16
"Dua priode jadi presiden dari negara berpenduduk 280jt jiwa masih di anggap petugas partai,,,emangnya yg milih cuma simpatisan partai?, gila lo jerrr,, Pdhl 7 x ikut pemilu belum pernah nyoblos partai selain PDIP dari masih PDI, tapi 2024 mohon maaf, #SayaBersamaJokowi",dua priode jadi presiden dari negara berpenduduk 280jt jiwa masih di anggap petugas partai emangnya yg milih cuma simpatisan partai gila lo jerrr pdhl 7 x ikut pemilu belum pernah nyoblos partai selain pdip dari masih pdi tapi 2024 mohon maaf,normal,,"['0', '0']",,indotoxic2024_annotated_data_v2_final,indotoxic2024_annotated_data_v2_final.csv,3545,normal,harassment,False,0.950589270080849,269,41
"Menyesatkan, Tentara Cina Mendarat di Bandara Sam Ratulangi Manado untuk Memusuhi Indonesia #TempoCekFakta #CekFakta",menyesatkan tentara cina mendarat di bandara sam ratulangi manado untuk memusuhi indonesia,harassment,,['1'],,indotoxic2024_annotated_data_v2_final,indotoxic2024_annotated_data_v2_final.csv,18511,harassment,normal,False,0.7859014771649127,116,14
"Israel Lakukan Kejahatan Perang, Targetkan Staf Medis Palestina: Gaza Mulai Digempur dari Darat @tribunnews",israel lakukan kejahatan perang targetkan staf medis palestina gaza mulai digempur dari darat USER_MENTION,harassment,,"['1', '0']",,indotoxic2024_annotated_data_v2_final,indotoxic2024_annotated_data_v2_final.csv,10111,harassment,normal,False,0.8447857359271893,107,14
jom mampus.',jom mampus,hate_speech,,hate_speech,,data,data.csv,2491,hate_speech,insult,False,0.7891543581733658,12,2
RT USER: Banci mahal pelangganya keren2 \xf0\x9f\x98\x83. USER URL,rt user banci mahal pelangganya keren2 xf0 x9f x98 x83 user url,insult,,insult,,data,data.csv,5600,insult,hate_speech,False,1.007910000541448,66,9
"USER Bloon lebih bawah dari bodoh, di bawah bloon ada goblok'",user bloon lebih bawah dari bodoh di bawah bloon ada goblok,normal,,normal,,data,data.csv,9374,normal,hate_speech,False,1.2515285141872334,61,11
USER Presiden Threshold adalah upaya rezim untuk mempertahankan kekuasaannya yg cenderung otoriter',user presiden threshold adalah upaya rezim untuk mempertahankan kekuasaannya yg cenderung otoriter,normal,,normal,,data,data.csv,7001,normal,hate_speech,False,0.8905775706199874,99,12
"USER dia tau tau ngechat gua beb ,gada angin gada tsunami wkwk ngasih tau kalo temen TA gua yg satu lg join rp jd yuta fak bat .. pas gua iseng on di jandro de'e nge unfol gua . wkwkwk cacat bat""",user dia tau tau ngechat gua beb gada angin gada tsunami wkwk ngasih tau kalo temen ta gua yg satu lg join rp jd yuta fak bat pas gua iseng on di jandro de e nge unfol gua wkwkwk cacat bat,normal,,normal,,data,data.csv,4126,normal,insult,False,1.046267402493584,195,42
"Ditunda hari Selasa katanya perang darat Israel mau ke Gaza.Menunda karena banjir,atau takut keok😁🇵🇸🥁 #PalestineIsraelwar Persiapan,Hamas",ditunda hari selasa katanya perang darat israel mau ke gaza menunda karena banjir atau takut keok persiapan hamas,harassment,,"['1', '1']",,indotoxic2024_annotated_data_v2_final,indotoxic2024_annotated_data_v2_final.csv,8111,harassment,normal,False,1.0927512047060115,137,16
"Kepala Urusan Agama Turki mengeluarkan fatwa: larangan (Haram) memberikan dukungan kpd penindas, penjajah dan teroris Zionis, atau mereka yang mendukung mereka secara langsung atau tidak langsung Membeli produk Zionis atau produk perusahaan yg mendukungnya dilarang (Haram)",kepala urusan agama turki mengeluarkan fatwa larangan haram memberikan dukungan kpd penindas penjajah dan teroris zionis atau mereka yang mendukung mereka secara langsung atau tidak langsung membeli produk zionis atau produk perusahaan yg mendukungnya dilarang haram,normal,,"['0', '0']",,indotoxic2024_annotated_data_v2_final,indotoxic2024_annotated_data_v2_final.csv,16344,normal,harassment,False,0.9036068088431305,273,36
"Menurut juru bicara TPN Ganjar-Mahfud, Bane Raja Manalu, putusan MKMK membuktikan bahwa putusan MK mengenai batas usia minimal calon presiden-calon wakil presiden cacat moral. < #MKMK #AnwarUsman #KetuaMK",menurut juru bicara tpn ganjar mahfud bane raja manalu putusan mkmk membuktikan bahwa putusan mk mengenai batas usia minimal calon presiden calon wakil presiden cacat moral,harassment,,['1'],,indotoxic2024_annotated_data_v2_final,indotoxic2024_annotated_data_v2_final.csv,12829,harassment,normal,False,1.1323972813010479,204,28
"orang bego gini kok direkrut jadi kader ya? masih pinter tukang sayur.....komemtar nya khan ngga ada yg berkualitas......kelihatan IQ nya seberapa tinggi? kasihan sih di bully terus, tapi memang sangat oantas di bully, sebab komentar nya sangat renfah kual",orang bego gini kok direkrut jadi kader ya masih pinter tukang sayur komemtar nya khan ngga ada yg berkualitas kelihatan iq nya seberapa tinggi kasihan sih di bully terus tapi memang sangat oantas di bully sebab komentar nya sangat renfah kual,hate_speech,,hate_speech,,data,data.csv,4322,hate_speech,harassment,False,1.07412526019951,256,39
"Kalau hukum formal tidak bisa membatalkan pencalonan yg cacat hukum ini, gak usah kuatir. Masih ada hukum non-formal. KEDAULATAN ADA DI TANGAN RAKYAT. PASTI TIDAK AKAN TINGGAL DIAM dengan segala carut-marut hukum yang sudah ""telanjang"" dan ""meresahkan"" akal-akal yang waras. INDONESIA KITA HARUS DISELAMATKAN! 💪😎🇲🇨",kalau hukum formal tidak bisa membatalkan pencalonan yg cacat hukum ini gak usah kuatir masih ada hukum non formal kedaulatan ada di tangan rakyat pasti tidak akan tinggal diam dengan segala carut marut hukum yang sudah telanjang dan meresahkan akal akal yang waras indonesia kita harus diselamatkan,normal,,"['0', '0']",,indotoxic2024_annotated_data_v2_final,indotoxic2024_annotated_data_v2_final.csv,6333,normal,harassment,False,1.149396566645343,314,45
Jual mesin tapi g tahu sistem mesinnya = Sales Mesin Cina,jual mesin tapi g tahu sistem mesinnya sales mesin cina,harassment,,['1'],,indotoxic2024_annotated_data_v2_final,indotoxic2024_annotated_data_v2_final.csv,13761,harassment,normal,False,0.9520125078386567,57,11
"USER Gini nih klw orang keluar dari memek perek ,,ngapa luh gak seneng gw bilang bgtu emak lu perek,,ketemuan yuks'",user gini nih klw orang keluar dari memek perek ngapa luh gak seneng gw bilang bgtu emak lu perek ketemuan yuks,hate_speech,,hate_speech,,data,data.csv,5985,hate_speech,insult,False,0.9648136128266831,115,20
REMPANG BUNDA TANAH MELAYU Di tengah gejolak di Pulau Rempang dan amuk warga Melayu gegara investor China. Ada keturunan China asal Batam yang bisa maen Suling pake korek api. Semoga bisa sedikit meredam,rempang bunda tanah melayu di tengah gejolak di pulau rempang dan amuk warga melayu gegara investor china ada keturunan china asal batam yang bisa maen suling pake korek api semoga bisa sedikit meredam,normal,,"['0', '0']",,indotoxic2024_annotated_data_v2_final,indotoxic2024_annotated_data_v2_final.csv,6872,normal,harassment,False,0.9793464360456273,203,33
"APA? ADA APA 水 ADA APA ? KORUT Disebut Bela Palestina, Ogah Dukung Israel   @ @pontianakinformasi PniankInformas Pontianak Pemimpin Korea Utara, Kim Jong Un diyakini memberikan dukungan terhadap Palestina, yang terus-terusan digempur Israel.

Kepala Badan Intelijen Nasional Korea Selatan, Kim Kyou Hyun, meyakini Korut telah memantapkan posisi untuk menyalurkan dukungan bagi Palestina.

Dilansir dari Korea Herald, Sabtu (4/11), Kim Kyou Hyun menduga Korut mendukung Palestina untuk meraup keuntungan dari konflik di Timur Tengah.

#KanalAspirasi #KanalAduan #AplikasiAduan #DigitalMarket #MediaOnline #5November2023 #AdaapaPI",apa ada apa 水 ada apa korut disebut bela palestina ogah dukung israel USER_MENTION pniankinformas pontianak pemimpin korea utara kim jong un diyakini memberikan dukungan terhadap palestina yang terus terusan digempur israel kepala badan intelijen nasional korea selatan kim kyou hyun meyakini korut telah memantapkan posisi untuk menyalurkan dukungan bagi palestina dilansir dari korea herald sabtu 4 11 kim kyou hyun menduga korut mendukung palestina untuk meraup keuntungan dari konflik di timur tengah,harassment,,"['0', '0', '0', '1']",,indotoxic2024_annotated_data_v2_final,indotoxic2024_annotated_data_v2_final.csv,5298,harassment,normal,False,1.2625765208161537,628,80
Hyo seop gila bgt kalo rambutnya dibelah dua,hyo seop gila bgt kalo rambutnya dibelah dua,harassment,,"['1', '0', '0']",,indotoxic2024_annotated_data_v2_final,indotoxic2024_annotated_data_v2_final.csv,19294,harassment,normal,False,1.3933590420041377,44,8
Malem minggu ngene iki penake ngantemi wong Israel,malem minggu ngene iki penake ngantemi wong israel,harassment,,"['1', '1', '1', '0']",,indotoxic2024_annotated_data_v2_final,indotoxic2024_annotated_data_v2_final.csv,14046,harassment,normal,False,0.8434697548636656,50,8
USER Cih najis',user cih najis,hate_speech,,hate_speech,,data,data.csv,4781,hate_speech,insult,False,0.8836638461985187,15,3
"USER Apaansi tai baru gt doang belagunya udah selangit. Ga inget ada karma? Ntar bbrp taun lagi kalo idol lu flop, gua ketawa paling keras.'",user apaansi tai baru gt doang belagunya udah selangit ga inget ada karma ntar bbrp taun lagi kalo idol lu flop gua ketawa paling keras,hate_speech,,hate_speech,,data,data.csv,199,hate_speech,insult,False,1.034227161212959,140,25
Apa kita bisa open donasi ya tapi bukan bantuan kemanusiaan tapi buat pesen rudal di kirim ke israel #PalestineLivesMatter #IsraelGazaWar #PalestineGenocide #GazaAttack,apa kita bisa open donasi ya tapi bukan bantuan kemanusiaan tapi buat pesen rudal di kirim ke israel,harassment,,"['1', '1', '0', '0']",,indotoxic2024_annotated_data_v2_final,indotoxic2024_annotated_data_v2_final.csv,10801,harassment,normal,False,0.9536040932819303,168,22
"alay? biarin, dari pada gw gila",alay biarin dari pada gw gila,harassment,,"['1', '0', '0']",,indotoxic2024_annotated_data_v2_final,indotoxic2024_annotated_data_v2_final.csv,19150,harassment,normal,False,0.9557857520212225,31,6
Para pakar hukum tata negara menilai Gibran adalah Cawapres Cacat Hukum karena akibat dari putusan MKMK yang telah memberhentikan Ketua MK Anwar Usman telah melanggar kode etik sebagai Hakim konstitusi,para pakar hukum tata negara menilai gibran adalah cawapres cacat hukum karena akibat dari putusan mkmk yang telah memberhentikan ketua mk anwar usman telah melanggar kode etik sebagai hakim konstitusi,normal,,['0'],,indotoxic2024_annotated_data_v2_final,indotoxic2024_annotated_data_v2_final.csv,19661,normal,harassment,False,0.8948908574468847,201,30
"ena ada အး 旨 Puluhan Tentara Israel Mati Tertimpa Bangunan Runtuh TIMES Indonesia TIMES TV Israel mengumumkan hari ini paling mematikan bagi pasukannya sejak invasi darat Gaza, karena 21 tentaranya mati kejatuhan bangunan yang runtuh oleh ledakkan bahan peledak yang mereka tanam di dalam sebuah bangunan berlantai dua di Jalur Gaza selatan, Senin (21/1/1024) kemarin.

Senin kemarin sebenarnya ada 24 orang tentara Israel yang mati. Tiga tentara lainnya mati karena pertempuran di kota Khan Younis di Gaza selatan

Ke 21 tentara Israel yang mati kejatuhan bangunan yang meledak itu, sedianya mereka bersiap memang akan meruntuhkan bangunan di Jalur Gaza selatan itu dengan bahan peledak.

Ada yang menduga meledaknya gedung itu kemungkinan oleh tembakan RPG dari militan Hamas. 

Kematian 21 tentara Israel ini adalah satu-satunya insiden paling mematikan sejak dimulainya serangan darat Israel di daerah kantong tersebut, dan menambah jumlah korban tewas militer dalam operasi tersebut menjadi 219 orang.

#TentaraIsrael #JalurGaza #Gaza #Palestina #Israel",ena ada အ 旨 puluhan tentara israel mati tertimpa bangunan runtuh times indonesia times tv israel mengumumkan hari ini paling mematikan bagi pasukannya sejak invasi darat gaza karena 21 tentaranya mati kejatuhan bangunan yang runtuh oleh ledakkan bahan peledak yang mereka tanam di dalam sebuah bangunan berlantai dua di jalur gaza selatan senin 21 1 1024 kemarin senin kemarin sebenarnya ada 24 orang tentara israel yang mati tiga tentara lainnya mati karena pertempuran di kota khan younis di gaza selatan ke 21 tentara israel yang mati kejatuhan bangunan yang meledak itu sedianya mereka bersiap memang akan meruntuhkan bangunan di jalur gaza selatan itu dengan bahan peledak ada yang menduga meledaknya gedung itu kemungkinan oleh tembakan rpg dari militan hamas kematian 21 tentara israel ini adalah satu satunya insiden paling mematikan sejak dimulainya serangan darat israel di daerah kantong tersebut dan menambah jumlah korban tewas militer dalam operasi tersebut menjadi 219 orang,harassment,,"['0', '1', '0']",,indotoxic2024_annotated_data_v2_final,indotoxic2024_annotated_data_v2_final.csv,24678,harassment,normal,False,1.2801349501969455,1058,153
RT USER: Milanisti kampret URL,rt user milanisti kampret url,hate_speech,,hate_speech,,data,data.csv,12512,hate_speech,insult,False,1.9067167400111593,30,5
"Daku yang tuli atau Dikau yang bisu? Tak tahu, berdua Mana yang tentu",daku yang tuli atau dikau yang bisu tak tahu berdua mana yang tentu,harassment,,"['0', '1', '0']",,indotoxic2024_annotated_data_v2_final,indotoxic2024_annotated_data_v2_final.csv,21185,harassment,normal,False,0.9289166460957319,69,13
As boleh kirim senjata u bantu israel kenapa negara lain tdk boleh krm bantuan senjata ke palestina. AS Kirim Kapal Perang & Jet Tempur Bantu Israel Serang Hamas,as boleh kirim senjata u bantu israel kenapa negara lain tdk boleh krm bantuan senjata ke palestina as kirim kapal perang jet tempur bantu israel serang hamas,harassment,,"['1', '0']",,indotoxic2024_annotated_data_v2_final,indotoxic2024_annotated_data_v2_final.csv,6565,harassment,normal,False,1.3094183919157774,161,28
@Nurhikm27894940 @McGyver2390 @katz_nadaHQ @antikadrunbang @Kappa_2023 @SpentaMainyu01 @AyaniMel @johnhomebapa @MashudulHAQ1945 @HabanglaliK @IkaSembiring13 @Karsono12732862 @Royedy6 @Amox1L1N @JinNonik @tdkistimewa @perbowo @JhontalJk @ScioCogitoCredo @Matahari_tmr @ajegilelu1 @BaimSuhadi @syekh_kyai_lmao @JokoPintar2 @rajenang @LonenyDragon @Alfatih007Mr @FeriSuryaSugia1 @novi_km @Valhallaah @Adiinotrino @katz_bornagain @halo_lentera @asasfuro @Greschinove @emanitaa18 @NasrulKohar @DiposuroP @ibn_sjamsu @PaijoKhentir @we_5jog @MelodiAsyik @MarioInferno @aditya_bp @Balistta @oktorivan @Dayak_strong @angling_darma18 @eko_is_oke @YanFx_TRade Orang kapir menuding untuk menutupi kebusukan ajaran kristen protestan dan katolik.,USER_MENTION USER_MENTION USER_MENTION USER_MENTION USER_MENTION USER_MENTION USER_MENTION USER_MENTION USER_MENTION USER_MENTION USER_MENTION USER_MENTION USER_MENTION USER_MENTION USER_MENTION USER_MENTION USER_MENTION USER_MENTION USER_MENTION USER_MENTION USER_MENTION USER_MENTION USER_MENTION USER_MENTION USER_MENTION USER_MENTION USER_MENTION USER_MENTION USER_MENTION USER_MENTION USER_MENTION USER_MENTION USER_MENTION USER_MENTION USER_MENTION USER_MENTION USER_MENTION USER_MENTION USER_MENTION USER_MENTION USER_MENTION USER_MENTION USER_MENTION USER_MENTION USER_MENTION USER_MENTION USER_MENTION USER_MENTION USER_MENTION USER_MENTION orang kapir menuding untuk menutupi kebusukan ajaran kristen protestan dan katolik,harassment,,['1'],,indotoxic2024_annotated_data_v2_final,indotoxic2024_annotated_data_v2_final.csv,25280,harassment,normal,False,0.9700374776934744,732,61
"Tak perlu lagi itu DPR/D, MPR , PRESIDEN, PEMERINTAH RI, APARAT POLRI & TNI ..! PERCUMA , KALIAN ITU HANYA JADI JONGOSNYA BAJINGAN CHINA KOMUNIS ASEING ...! KALIAN2 ITU HRS DI BUBARKAN , DI TANGKAP , DIADILI OLH YG PUNYA NEGARA YAITU BGS RKY INDONESIA PRIBUMI TULEN..!",tak perlu lagi itu dpr d mpr presiden pemerintah ri aparat polri tni percuma kalian itu hanya jadi jongosnya bajingan china komunis aseing kalian2 itu hrs di bubarkan di tangkap diadili olh yg punya negara yaitu bgs rky indonesia pribumi tulen,harassment,,"['0', '1', '0', '1']",,indotoxic2024_annotated_data_v2_final,indotoxic2024_annotated_data_v2_final.csv,2995,harassment,hate_speech,False,0.9646488946858656,268,47
Ledakan di Israel yang Disembunyikan,ledakan di israel yang disembunyikan,harassment,,"['0', '0', '1', '0']",,indotoxic2024_annotated_data_v2_final,indotoxic2024_annotated_data_v2_final.csv,6119,harassment,normal,False,0.9287765216849238,36,5
"🏴🏴🏴 😂🤣😅 Pribumi bersusah payah melawan kolonial penjajah, setelah MERDEKA diklaim YAHUDI YAMAN merekalah yang pejuang, CINA lebih licik lagi, setelah MERDEKA membayar pejabat untuk menggusur pribumi. 2024 RI BUBARAN??? #KembaliKeAllah",pribumi bersusah payah melawan kolonial penjajah setelah merdeka diklaim yahudi yaman merekalah yang pejuang cina lebih licik lagi setelah merdeka membayar pejabat untuk menggusur pribumi 2024 ri bubaran,normal,,['0'],,indotoxic2024_annotated_data_v2_final,indotoxic2024_annotated_data_v2_final.csv,11887,normal,harassment,False,0.8206625987694199,234,31
Otoritas Filipina menuduh China melakukan “manuver berbahaya” di Laut China Selatan (LCS) yang disengketakan.,otoritas filipina menuduh china melakukan manuver berbahaya di laut china selatan lcs yang disengketakan,harassment,,"['1', '0', '0']",,indotoxic2024_annotated_data_v2_final,indotoxic2024_annotated_data_v2_final.csv,10395,harassment,normal,False,1.5866114253393289,109,14
NERAKA SAHAJA TEMPAT PALING LAYAK BUAT GOLONGAN PELAKSANA DAN PENYOKONG ISRAEL NI. BARUA BETUL. PALING LAYAK DIHINA DAN DICERCA. FUCK YOU.,neraka sahaja tempat paling layak buat golongan pelaksana dan penyokong israel ni barua betul paling layak dihina dan dicerca fuck you,normal,,['0'],,indotoxic2024_annotated_data_v2_final,indotoxic2024_annotated_data_v2_final.csv,17192,normal,harassment,False,0.9843379552004526,138,21
"kemarin itu fyp ku nikahan batak semua, trs drtd pagi fyp ku udh doa bapa kami katolik. curiga suamiku memang orang katolik mhihihi",kemarin itu fyp ku nikahan batak semua trs drtd pagi fyp ku udh doa bapa kami katolik curiga suamiku memang orang katolik mhihihi,harassment,,"['1', '0']",,indotoxic2024_annotated_data_v2_final,indotoxic2024_annotated_data_v2_final.csv,3604,harassment,normal,False,1.2285158530997218,131,23
"USER aku baru lahir langsung bisa makan nasi, gapake nete :)'",user aku baru lahir langsung bisa makan nasi gapake nete,normal,,normal,,data,data.csv,8399,normal,insult,False,0.9085976411502652,61,11
"""Bahwa sesungguhnya Kemerdekaan itu ialah hak segala bangsa dan oleh sebab itu, maka penjajahan di atas dunia harus dihapuskan, karena tidak sesuai dengan perikemanusiaan dan perikeadilan""

Begitulah pembukaan UUD 45, pernyataan awal cita-cita luhur Republik Indonesia, yang paham betul menderitanya terjajah

Maka siapapun yang mendukung penjajah, dia tak layak menjadi Indonesia, bahkan bertentangan dengan fitrah manusia

Faktanya, Israel itu penjajah, pendatang haram yang mengambil paksa tanah Palestina, membunuhi penduduk aslinya sejak Inggris memberinya ruang di 1920

Entah sudah berapa ribu nyawa merenggang dibantai dengan sadis, baik dipertunjukkan terbuka, juga tertutup media dan berita

Pembantaian Shabra & Shatila, Haifa, Yerusalem, Mavi Marmara dan lainnya yang tak terhitung hingga saat ini

Hanya binatang dan manusia dengan level serendah itu yang diam dengan semua penjajahan, pembantaian dan kebiadaban Israel pada rakyat Palestina dan dunia, tapi menggonggong dan menyalak nyaring seolah Israel yang menjadi korban ketika rakyat Palestina melawan penjajahan dan pendudukan tanah dan hidup mereka

Maka perlawanan Hamas dan rakyat Palestina pada saat ini adalah sebuah keberanian dan kebenaran, didasarkan cita-cita luhur ingin merdeka, sebagaimana Indonesia dulu kala, karenanya wajib didukung oleh semua manusia merdeka lainnya

Dalam hal ini, diam pun bukan pilihan, sebab kita mendiamkan kedzaliman yang berkepanjangan, maka minimal kita memberikan doa dan dukungan pada saudara-saudara kita di Palestina

Seharusnya semua negera merdeka bergerak mewujudkan kemerdekaan Palestina, mengusir penjajah Israel dari sana. Terlebih negeri Muslim, yang memiliki tanggungjawab aqidah

Bismillah, semoga Allah kuatkan saudara-saudara kita di Palestina, dan bagi kita, semampu mungkin membantu saudara-saudara kita di sana, meski lewat doa semata ""Bahwa sesungguhnya Kemerdekaan itu ialah hak segala bangsa dan oleh sebab itu, maka penjajahan di atas dunia harus dihapuskan, karena tidak sesuai dengan perikemanusiaan dan perikeadilan""

Begitulah pembukaan UUD 45, pernyataan awal cita-cita luhur Republik Indonesia, yang paham betul menderitanya terjajah

Maka siapapun yang mendukung penjajah, dia tak layak menjadi Indonesia, bahkan bertentangan dengan fitrah manusia

Faktanya, Israel itu penjajah, pendatang haram yang mengambil paksa tanah Palestina, membunuhi penduduk aslinya sejak Inggris memberinya ruang di 1920

Entah sudah berapa ribu nyawa merenggang dibantai dengan sadis, baik dipertunjukkan terbuka, juga tertutup media dan berita

Pembantaian Shabra & Shatila, Haifa, Yerusalem, Mavi Marmara dan lainnya yang tak terhitung hingga saat ini

Hanya binatang dan manusia dengan level serendah itu yang diam dengan semua penjajahan, pembantaian dan kebiadaban Israel pada rakyat Palestina dan dunia, tapi menggonggong dan menyalak nyaring seolah Israel yang menjadi korban ketika rakyat Palestina melawan penjajahan dan pendudukan tanah dan hidup mereka

Maka perlawanan Hamas dan rakyat Palestina pada saat ini adalah sebuah keberanian dan kebenaran, didasarkan cita-cita luhur ingin merdeka, sebagaimana Indonesia dulu kala, karenanya wajib didukung oleh semua manusia merdeka lainnya

Dalam hal ini, diam pun bukan pilihan, sebab kita mendiamkan kedzaliman yang berkepanjangan, maka minimal kita memberikan doa dan dukungan pada saudara-saudara kita di Palestina

Seharusnya semua negera merdeka bergerak mewujudkan kemerdekaan Palestina, mengusir penjajah Israel dari sana. Terlebih negeri Muslim, yang memiliki tanggungjawab aqidah

Bismillah, semoga Allah kuatkan saudara-saudara kita di Palestina, dan bagi kita, semampu mungkin membantu saudara-saudara kita di sana, meski lewat doa semata",bahwa sesungguhnya kemerdekaan itu ialah hak segala bangsa dan oleh sebab itu maka penjajahan di atas dunia harus dihapuskan karena tidak sesuai dengan perikemanusiaan dan perikeadilan begitulah pembukaan uud 45 pernyataan awal cita cita luhur republik indonesia yang paham betul menderitanya terjajah maka siapapun yang mendukung penjajah dia tak layak menjadi indonesia bahkan bertentangan dengan fitrah manusia faktanya israel itu penjajah pendatang haram yang mengambil paksa tanah palestina membunuhi penduduk aslinya sejak inggris memberinya ruang di 1920 entah sudah berapa ribu nyawa merenggang dibantai dengan sadis baik dipertunjukkan terbuka juga tertutup media dan berita pembantaian shabra shatila haifa yerusalem mavi marmara dan lainnya yang tak terhitung hingga saat ini hanya binatang dan manusia dengan level serendah itu yang diam dengan semua penjajahan pembantaian dan kebiadaban israel pada rakyat palestina dan dunia tapi menggonggong dan menyalak nyaring seolah israel yang menjadi korban ketika rakyat palestina melawan penjajahan dan pendudukan tanah dan hidup mereka maka perlawanan hamas dan rakyat palestina pada saat ini adalah sebuah keberanian dan kebenaran didasarkan cita cita luhur ingin merdeka sebagaimana indonesia dulu kala karenanya wajib didukung oleh semua manusia merdeka lainnya dalam hal ini diam pun bukan pilihan sebab kita mendiamkan kedzaliman yang berkepanjangan maka minimal kita memberikan doa dan dukungan pada saudara saudara kita di palestina seharusnya semua negera merdeka bergerak mewujudkan kemerdekaan palestina mengusir penjajah israel dari sana terlebih negeri muslim yang memiliki tanggungjawab aqidah bismillah semoga allah kuatkan saudara saudara kita di palestina dan bagi kita semampu mungkin membantu saudara saudara kita di sana meski lewat doa semata bahwa sesungguhnya kemerdekaan itu ialah hak segala bangsa dan oleh sebab itu maka penjajahan di atas dunia harus dihapuskan karena tidak sesuai dengan perikemanusiaan dan perikeadilan begitulah pembukaan uud 45 pernyataan awal cita cita luhur republik indonesia yang paham betul menderitanya terjajah maka siapapun yang mendukung penjajah dia tak layak menjadi indonesia bahkan bertentangan dengan fitrah manusia faktanya israel itu penjajah pendatang haram yang mengambil paksa tanah palestina membunuhi penduduk aslinya sejak inggris memberinya ruang di 1920 entah sudah berapa ribu nyawa merenggang dibantai dengan sadis baik dipertunjukkan terbuka juga tertutup media dan berita pembantaian shabra shatila haifa yerusalem mavi marmara dan lainnya yang tak terhitung hingga saat ini hanya binatang dan manusia dengan level serendah itu yang diam dengan semua penjajahan pembantaian dan kebiadaban israel pada rakyat palestina dan dunia tapi menggonggong dan menyalak nyaring seolah israel yang menjadi korban ketika rakyat palestina melawan penjajahan dan pendudukan tanah dan hidup mereka maka perlawanan hamas dan rakyat palestina pada saat ini adalah sebuah keberanian dan kebenaran didasarkan cita cita luhur ingin merdeka sebagaimana indonesia dulu kala karenanya wajib didukung oleh semua manusia merdeka lainnya dalam hal ini diam pun bukan pilihan sebab kita mendiamkan kedzaliman yang berkepanjangan maka minimal kita memberikan doa dan dukungan pada saudara saudara kita di palestina seharusnya semua negera merdeka bergerak mewujudkan kemerdekaan palestina mengusir penjajah israel dari sana terlebih negeri muslim yang memiliki tanggungjawab aqidah bismillah semoga allah kuatkan saudara saudara kita di palestina dan bagi kita semampu mungkin membantu saudara saudara kita di sana meski lewat doa semata,normal,,"['0', '0']",,indotoxic2024_annotated_data_v2_final,indotoxic2024_annotated_data_v2_final.csv,2586,normal,harassment,False,0.9170512499964908,3727,500
USER Tienteuus dong kak .. yakali ekeu kek yey yg tiap ngobrol sama orang ngajak eue mulu .. mursidah deh ah',user tienteuus dong kak yakali ekeu kek yey yg tiap ngobrol sama orang ngajak eue mulu mursidah deh ah,normal,,normal,,data,data.csv,11910,normal,insult,False,1.2601256427112353,109,21
"Gapapa kecil tapi bisa nyiksa kamu sampai puas nangis"" 🤭 Avail ya scene bdsm sore ini 🥰❣️ Tebet area. Tolong bgt jangan tanya RR lagi. Rate n Rule udah ada diprofilku ❣️ #availjakartaselatan #mistressjakarta #timnasday LGBT Adakami CCTV Selasa Umur 22 IOS 17 #diiket",gapapa kecil tapi bisa nyiksa kamu sampai puas nangis avail ya scene bdsm sore ini tebet area tolong bgt jangan tanya rr lagi rate n rule udah ada diprofilku lgbt adakami cctv selasa umur 22 ios 17,harassment,,"['1', '1', '1', '0']",,indotoxic2024_annotated_data_v2_final,indotoxic2024_annotated_data_v2_final.csv,4883,harassment,normal,False,0.9034312889544853,266,44
"USER Ancaman bom dari mata sipit, juga lucu2an ya... ?\n\n#LUCULUCUAN'",user ancaman bom dari mata sipit juga lucu2an ya n n,hate_speech,,hate_speech,,data,data.csv,6178,hate_speech,normal,False,1.1456216660063092,70,10
anakanak tidak akan pernah belajar bahwa setiap kali mereka melakukan sesuatu untuk mengganggu saya seperti ini lebih banyak orang belajar tentang pekerjaan saya untuk menghentikan pelecehan,anakanak tidak akan pernah belajar bahwa setiap kali mereka melakukan sesuatu untuk mengganggu saya seperti ini lebih banyak orang belajar tentang pekerjaan saya untuk menghentikan pelecehan,normal,,not_cyberbullying,,cyberbullying_cleaned_indo,cyberbullying_cleaned_indo.csv,1390,normal,hate_speech,False,1.0445815594336294,190,26
MS Ka'ban : Tanah Jakarta sekarang sudah 87 persen dikuasai Cina,ms ka ban tanah jakarta sekarang sudah 87 persen dikuasai cina,hate_speech,,hate_speech,,data,data.csv,2188,hate_speech,normal,False,0.8166339012099225,64,11
Terbukti Hanya Ganjar Pranowo yang Berani Membela Kemerdekaan Palestina. Yahudi Gibran Saw X Hamas Kamis Gaza Niall Horan Israel,terbukti hanya ganjar pranowo yang berani membela kemerdekaan palestina yahudi gibran saw x hamas kamis gaza niall horan israel,harassment,,"['1', '0', '0']",,indotoxic2024_annotated_data_v2_final,indotoxic2024_annotated_data_v2_final.csv,22431,harassment,normal,False,0.8791104376464105,128,19
Politisi berpengaruh *meraih suara masyarakat* untuk memilih ganjar; 1. *Adian Napitupulu* 2. *Puan Maharani* <Jawa Tengah> 3. *Haris Pertama* <Pemuda> *Organ* Relawan Relawan yang menjadi *mesin* penyempurna ada sekitar *1000 lebih* 1 *Organ* perkuat 100.000 suara 1000 x 100.000 = 100 juta. *50 %* + *Satu Persen* Semangat Fokus Menangkan Ganjar Mahfud Orang Baik Suka Orang Baik Coblos No 3 Menang Menang Menang 🖐🏽🖐🏽 🇲🇨🇲🇨🇲🇨 Farhan Alfatihi Allah ❤️❤️❤️❤️ SALAM SATU KOMANDO,politisi berpengaruh meraih suara masyarakat untuk memilih ganjar 1 adian napitupulu 2 puan maharani 3 haris pertama organ relawan relawan yang menjadi mesin penyempurna ada sekitar 1000 lebih 1 organ perkuat 100 000 suara 1000 x 100 000 100 juta 50 satu persen semangat fokus menangkan ganjar mahfud orang baik suka orang baik coblos no 3 menang menang menang farhan alfatihi allah salam satu komando,harassment,,['1'],,indotoxic2024_annotated_data_v2_final,indotoxic2024_annotated_data_v2_final.csv,10220,harassment,normal,False,0.8515308040356441,476,72
"""Sedang terjadi pelanggaran Ham berat di Israel dan Palestina. Gila ini!"" Lha, kamu saja dukung Capres pelanggar Ham. M",sedang terjadi pelanggaran ham berat di israel dan palestina gila ini lha kamu saja dukung capres pelanggar ham m,harassment,,"['0', '1']",,indotoxic2024_annotated_data_v2_final,indotoxic2024_annotated_data_v2_final.csv,919,harassment,normal,False,1.1107512476971428,119,19
"WHO: Rumah Sakit Al Shifa di Gaza Terkepung, Dihujani Bom Penjajah Israel",who rumah sakit al shifa di gaza terkepung dihujani bom penjajah israel,harassment,,"['0', '1', '0', '0']",,indotoxic2024_annotated_data_v2_final,indotoxic2024_annotated_data_v2_final.csv,9973,harassment,normal,False,0.9823030638878629,73,12
Odgj (orang dengan genetik javier),odgj orang dengan genetik javier,normal,,"['0', '0']",,indotoxic2024_annotated_data_v2_final,indotoxic2024_annotated_data_v2_final.csv,3230,normal,harassment,False,1.0347468943839395,34,5
hal ini juga mengajarkan bagaimana untuk bercinta dengan anak berusia tahun seperti ayesha cara mohammad mengajarkan bagaimana kaffir akan pergi ke neraka karena ajaran quran hanya melihat isis dan organisasi teroris lainnya dalam pembuatan,hal ini juga mengajarkan bagaimana untuk bercinta dengan anak berusia tahun seperti ayesha cara mohammad mengajarkan bagaimana kaffir akan pergi ke neraka karena ajaran quran hanya melihat isis dan organisasi teroris lainnya dalam pembuatan,hate_speech,,religion,,cyberbullying_cleaned_indo,cyberbullying_cleaned_indo.csv,2070,hate_speech,harassment,False,0.8163069927605878,240,34
i miss the days where i could be more of an asshole,i miss the days where i could be more of an asshole,harassment,,other_cyberbullying,,cyberbullying_cleaned_indo,cyberbullying_cleaned_indo.csv,1729,harassment,normal,False,0.9834090363120135,51,12
Hastag terkini! Israel | Gaza | Karni Ilyas | Yahudi | Pagii | Khilaf | WE LOVE YOU TAEHYUNG | Iran | jeno renjun | Alwi | Israhell | Haaland | Kompas | Allahu Akbar | WE ARE SO PROUD OF YOU | We Are One Rebecca | Perang | Romcom,hastag terkini israel gaza karni ilyas yahudi pagii khilaf we love you taehyung iran jeno renjun alwi israhell haaland kompas allahu akbar we are so proud of you we are one rebecca perang romcom,harassment,,['1'],,indotoxic2024_annotated_data_v2_final,indotoxic2024_annotated_data_v2_final.csv,7595,harassment,normal,False,0.8315054284029927,229,51
"@Amox1L1N @jacobson19_ Trs bela sapa pir ... udah ngaku aja ,,,, gak bela zionis gab bela hamas ?? Udah ngaku aje biyar jlas bersikap",USER_MENTION USER_MENTION trs bela sapa pir udah ngaku aja gak bela zionis gab bela hamas udah ngaku aje biyar jlas bersikap,normal,,['0'],,indotoxic2024_annotated_data_v2_final,indotoxic2024_annotated_data_v2_final.csv,25171,normal,harassment,False,0.936392042632285,133,24
"Warta Ekonomi co. id PerspekBauB Ekonomi Barang Impor Israel di Indonesia 80 78,4 60,3 Rp Dalam Miliar Rupiah 40 47,5 Rp Rp 22,5 14,1 Rp 13,6 Rp Rp Mesin Perkakas Mesin Alat Optik Kimia (Alat Mekanik) (Alat lek) (Anorganik)  Kimia (Organik) Sumber: Badam Pusat Statistika 2023 Walaupun tak mempunyai hubungan diplomatik, ternyata Indonesia cukup aktif menjalin perdangangan dengan Israel lho!

Dikutip dari data Badan Pusat Statistika, Per Januari hingga Oktober 2023, impor Indonesia dari Israel mencapai US$ 16.925.950. Komoditas yang paling banyak diimpor di antaranya mesin dan pesawat mekanik; perkakas, perangkat potong; serta mesin dan peralatan listrik.

#wartaekonomi #infografis #impor #Israel #Indonesia",warta ekonomi co id perspekbaub ekonomi barang impor israel di indonesia 80 78 4 60 3 rp dalam miliar rupiah 40 47 5 rp rp 22 5 14 1 rp 13 6 rp rp mesin perkakas mesin alat optik kimia alat mekanik alat lek anorganik kimia organik sumber badam pusat statistika 2023 walaupun tak mempunyai hubungan diplomatik ternyata indonesia cukup aktif menjalin perdangangan dengan israel lho dikutip dari data badan pusat statistika per januari hingga oktober 2023 impor indonesia dari israel mencapai us 16 925 950 komoditas yang paling banyak diimpor di antaranya mesin dan pesawat mekanik perkakas perangkat potong serta mesin dan peralatan listrik,harassment,,"['0', '0', '1', '0']",,indotoxic2024_annotated_data_v2_final,indotoxic2024_annotated_data_v2_final.csv,10265,harassment,normal,False,2.022202453118817,714,102
ISRAEL ada agama KRISTEN .. YAHUDI ... KOMUNIS,israel ada agama kristen yahudi komunis,harassment,,"['1', '0']",,indotoxic2024_annotated_data_v2_final,indotoxic2024_annotated_data_v2_final.csv,3644,harassment,normal,False,0.8464927271680904,46,8
USER Gak begitu my habi bani switi darling',user gak begitu my habi bani switi darling,normal,,normal,,data,data.csv,2082,normal,hate_speech,False,0.9063238091684576,43,8
RT USER: https:// #ngentoto #mememk #lonte #lempung #kontol #crottt #jembut # pecuh URL,rt user pecuh url,insult,,insult,,data,data.csv,5089,insult,hate_speech,False,1.5379478567210225,87,13
MasyaAllah Alhamdulillah B 🤲😔 --- Follow our page Tabligh Islam Ahmadiyah Ahmadiyya now to get more Knowledge & News about True Islamic Revivals carried out by the Promised Messiah & Imam Mahdi(as) and his Jamaat.,masyaallah alhamdulillah b follow our page tabligh islam ahmadiyah ahmadiyya now to get more knowledge news about true islamic revivals carried out by the promised messiah imam mahdi as and his jamaat,harassment,,"['0', '0', '1', '0']",,indotoxic2024_annotated_data_v2_final,indotoxic2024_annotated_data_v2_final.csv,5773,harassment,normal,False,1.0086356401444405,213,35
Mamah khawatir Indonesia diserang Israel 😔,mamah khawatir indonesia diserang israel,normal,,['0'],,indotoxic2024_annotated_data_v2_final,indotoxic2024_annotated_data_v2_final.csv,12748,normal,harassment,False,0.8736652794345471,42,6
wahh gila sihhh! EMANG BOLEH SEKEREN INI? 3D MV IS HERE 3D BY JUNGKOOK OUT NOW #JungKook_3D #Jungkook3D #JungKook,wahh gila sihhh emang boleh sekeren ini 3d mv is here 3d by jungkook out now,harassment,,"['1', '0', '0']",,indotoxic2024_annotated_data_v2_final,indotoxic2024_annotated_data_v2_final.csv,19252,harassment,normal,False,1.0542349790062708,113,19
USER kamu silit ardhog\xe2\x99\xa5\xef\xb8\x8f',user kamu silit ardhog xe2 x99 xa5 xef xb8 x8f,hate_speech,,hate_speech,,data,data.csv,8014,hate_speech,insult,False,1.1218469114593304,47,4
"NEWS UPDATE kumparan Serangan Israel hantam Gereja Santo Porfiri yang lagi lindungi warga Islam di Gaza, 8 orang tewas. Serangan Israel di Gaza pada Kamis (19/10) menghantam sebuah gereja ortodoks. Tempat ibadah itu dipakai tempat berlindung warga Muslim dan Kristen di Gaza.

Keterangan Kementerian Dalam Negeri Hamas serangan Israel menyebabkan beberapa orang tewas dan terluka. AFP

Baca info selengkapnya di link bio. Jangan lupa follow Instagram @kumparancom untuk berita menarik lainnya!⁠

#newsupdate #update #news #oneliner #gaza #israel #infoterkini #berita #beritaterkini #kumparan",news update kumparan serangan israel hantam gereja santo porfiri yang lagi lindungi warga islam di gaza 8 orang tewas serangan israel di gaza pada kamis 19 10 menghantam sebuah gereja ortodoks tempat ibadah itu dipakai tempat berlindung warga muslim dan kristen di gaza keterangan kementerian dalam negeri hamas serangan israel menyebabkan beberapa orang tewas dan terluka afp baca info selengkapnya di link bio jangan lupa follow instagram USER_MENTION untuk berita menarik lainnya,harassment,,"['1', '0']",,indotoxic2024_annotated_data_v2_final,indotoxic2024_annotated_data_v2_final.csv,1491,harassment,normal,False,1.0855298224698586,591,81
"BORAK DaIdY Rakyat Palestin dilarang tadah air hujan sebab hak milik Israel Sumber: .vd Miller Kita cari sama sama orang ini di padang mahshar, kita jorokin dia ke neraka bareng bareng. 🤬",borak daidy rakyat palestin dilarang tadah air hujan sebab hak milik israel sumber vd miller kita cari sama sama orang ini di padang mahshar kita jorokin dia ke neraka bareng bareng,normal,,"['0', '0']",,indotoxic2024_annotated_data_v2_final,indotoxic2024_annotated_data_v2_final.csv,2349,normal,harassment,False,0.9807088963608263,187,32
"Biden bersama UK, Prancis, Jerman udah menyatakan dukung Israel ""kiamat was coming true""",biden bersama uk prancis jerman udah menyatakan dukung israel kiamat was coming true,normal,,['0'],,indotoxic2024_annotated_data_v2_final,indotoxic2024_annotated_data_v2_final.csv,16657,normal,harassment,False,1.0749761094174848,88,13
bagaimana ak tdk gila kalo dinyanyiin ini,bagaimana ak tdk gila kalo dinyanyiin ini,harassment,,"['0', '0', '1']",,indotoxic2024_annotated_data_v2_final,indotoxic2024_annotated_data_v2_final.csv,10184,harassment,normal,False,1.073814428652774,41,7
